UNASSIGNED,gs://cxl-deer/58ddd79d-23d2-11e8-a6a3-ec086b02610b-2019-10-02T09:00:23.336Z.jpg,Deer,0.26125,0.335,,,0.47624999999999995,0.5416666666666666,,
UNASSIGNED,gs://cxl-deer/588f65ce-23d2-11e8-a6a3-ec086b02610b-2019-10-02T09:00:23.336Z.jpg,Deer,0.31375,0.3016666666666667,,,0.57,0.5916666666666667,,
UNASSIGNED,gs://cxl-deer/59104a2c-23d2-11e8-a6a3-ec086b02610b-2019-10-02T09:00:23.337Z.jpg,Deer,0.13625,0.075,,,0.56125,0.5266666666666667,,
UNASSIGNED,gs://cxl-deer/58d7a126-23d2-11e8-a6a3-ec086b02610b-2019-10-02T09:00:23.336Z.jpg,Deer,0.329375,0.31416666666666665,,,0.553125,0.5583333333333332,,
UNASSIGNED,gs://cxl-deer/58ede14d-23d2-11e8-a6a3-ec086b02610b-2019-10-02T09:00:23.336Z.jpg,Deer,0.20875,0.3333333333333333,,,0.4075,0.5533333333333333,,
UNASSIGNED,gs://cxl-deer/58629317-23d2-11e8-a6a3-ec086b02610b-2019-10-02T09:00:23.337Z.jpg,Deer,0.3925,0.31,,,0.52875,0.535,,
UNASSIGNED,gs://cxl-deer/5946b7e3-23d2-11e8-a6a3-ec086b02610b-2019-10-02T09:00:23.336Z.jpg,Deer,0.2925,0.245,,,0.6525,0.6833333333333332,,
UNASSIGNED,gs://cxl-deer/5897b1b5-23d2-11e8-a6a3-ec086b02610b-2019-10-02T09:00:23.336Z.jpg,Deer,0.46625,0.31,,,0.6525,0.5283333333333333,,
UNASSIGNED,gs://cxl-deer/58c033c6-23d2-11e8-a6a3-ec086b02610b-2019-10-02T09:00:23.336Z.jpg,Deer,0.50375,0.25833333333333336,,,0.64,0.555,,
UNASSIGNED,gs://cxl-deer/59452c70-23d2-11e8-a6a3-ec086b02610b-2019-10-02T09:00:23.337Z.jpg,Deer,0.41,0.2916666666666667,,,0.70125,0.5933333333333334,,
UNASSIGNED,gs://cxl-deer/58fbed6b-23d2-11e8-a6a3-ec086b02610b-2019-10-02T09:00:23.336Z.jpg,Deer,0.005,0.225,,,0.35875,0.5116666666666666,,
UNASSIGNED,gs://cxl-deer/586c87ed-23d2-11e8-a6a3-ec086b02610b-2019-10-02T09:00:23.336Z.jpg,Deer,0.43875,0.26666666666666666,,,0.76875,0.5966666666666667,,
UNASSIGNED,gs://cxl-deer/58cb13db-23d2-11e8-a6a3-ec086b02610b-2019-10-02T09:00:23.336Z.jpg,Deer,0.295,0.305,,,0.6,0.5816666666666667,,
UNASSIGNED,gs://cxl-deer/58d615b3-23d2-11e8-a6a3-ec086b02610b-2019-10-02T09:00:23.336Z.jpg,Deer,0.28625,0.265,,,0.565,0.5783333333333334,,
UNASSIGNED,gs://cxl-deer/590ebc17-23d2-11e8-a6a3-ec086b02610b-2019-10-02T09:00:23.336Z.jpg,Deer,0.235,0.3433333333333333,,,0.52875,0.615,,
UNASSIGNED,gs://cxl-deer/58e28277-23d2-11e8-a6a3-ec086b02610b-2019-10-02T09:00:23.336Z.jpg,Deer,0.38,0.16,,,0.75625,0.51,,
UNASSIGNED,gs://cxl-deer/5883e7cd-23d2-11e8-a6a3-ec086b02610b-2019-10-02T09:00:23.336Z.jpg,Deer,0.39875,0.33166666666666667,,,0.61,0.5666666666666667,,
UNASSIGNED,gs://cxl-deer/59167a89-23d2-11e8-a6a3-ec086b02610b-2019-10-02T09:00:23.336Z.jpg,Deer,0.59375,0.07666666666666666,,,0.9712500000000001,0.5516666666666666,,
UNASSIGNED,gs://cxl-deer/5949cf9b-23d2-11e8-a6a3-ec086b02610b-2019-10-02T09:00:23.336Z.jpg,Deer,0.515,0.285,,,0.62875,0.5683333333333334,,
UNASSIGNED,gs://cxl-deer/58adc2e4-23d2-11e8-a6a3-ec086b02610b-2019-10-02T09:00:23.336Z.jpg,Deer,0.32125,0.26666666666666666,,,0.52,0.5783333333333334,,
UNASSIGNED,gs://cxl-deer/58d2ec21-23d2-11e8-a6a3-ec086b02610b-2019-10-02T09:00:23.336Z.jpg,Deer,0.29625,0.30333333333333334,,,0.5425,0.565,,
UNASSIGNED,gs://cxl-deer/59055d9a-23d2-11e8-a6a3-ec086b02610b-2019-10-02T09:00:23.336Z.jpg,Deer,0.34375,0.34833333333333333,,,0.5775,0.6016666666666667,,
UNASSIGNED,gs://cxl-deer/589cb231-23d2-11e8-a6a3-ec086b02610b-2019-10-02T09:00:23.336Z.jpg,Deer,0.35125,0.265,,,0.59625,0.58,,
UNASSIGNED,gs://cxl-deer/5865e35d-23d2-11e8-a6a3-ec086b02610b-2019-10-02T09:00:23.336Z.jpg,Deer,0.175,0.30666666666666664,,,0.45625,0.6133333333333333,,
UNASSIGNED,gs://cxl-deer/586c88e7-23d2-11e8-a6a3-ec086b02610b-2019-10-02T09:00:23.336Z.jpg,Deer,0.5075,0.33166666666666667,,,0.6287499999999999,0.5433333333333333,,
UNASSIGNED,gs://cxl-deer/58b66436-23d2-11e8-a6a3-ec086b02610b-2019-10-02T09:00:23.336Z.jpg,Deer,0.39125,0.29,,,0.6375,0.6166666666666667,,
UNASSIGNED,gs://cxl-deer/5946b8ae-23d2-11e8-a6a3-ec086b02610b-2019-10-02T09:00:23.336Z.jpg,Deer,0.35375,0.295,,,0.595,0.5366666666666666,,
UNASSIGNED,gs://cxl-deer/589cb567-23d2-11e8-a6a3-ec086b02610b-2019-10-02T09:00:23.336Z.jpg,Deer,0.31,0.32,,,0.5775,0.5866666666666667,,
UNASSIGNED,gs://cxl-deer/589cb567-23d2-11e8-a6a3-ec086b02610b-2019-10-02T09:00:23.336Z.jpg,Deer,0.785,0.235,,,0.9575,0.38666666666666666,,
UNASSIGNED,gs://cxl-deer/5a217555-23d2-11e8-a6a3-ec086b02610b-2019-10-02T09:00:23.336Z.jpg,Deer,0.36125,0.015421686746987951,,,0.9825000000000002,0.7436680053547523,,
UNASSIGNED,gs://cxl-deer/5a2c83e7-23d2-11e8-a6a3-ec086b02610b-2019-10-02T09:00:23.336Z.jpg,Deer,0.0004750001430511475,0.40332849627677375,,,0.06393750190734863,0.9998393574297189,,
UNASSIGNED,gs://cxl-deer/5995ae72-23d2-11e8-a6a3-ec086b02610b-2019-10-02T09:00:23.337Z.jpg,Deer,0.67125,0.006854082998661312,,,0.82625,0.4129585006693441,,
UNASSIGNED,gs://cxl-deer/597cd74d-23d2-11e8-a6a3-ec086b02610b-2019-10-02T09:00:23.336Z.jpg,Deer,0.39875,0.006854082998661312,,,0.6812499999999999,0.6528514056224899,,
UNASSIGNED,gs://cxl-deer/598c5ae6-23d2-11e8-a6a3-ec086b02610b-2019-10-02T09:00:23.336Z.jpg,Deer,0.0,0.020562248995983936,,,0.37875,0.714538152610442,,
UNASSIGNED,gs://cxl-deer/5983084a-23d2-11e8-a6a3-ec086b02610b-2019-10-02T09:00:23.337Z.jpg,Deer,0.65375,0.10109772423025434,,,0.80125,0.4163855421686746,,
UNASSIGNED,gs://cxl-deer/5983084a-23d2-11e8-a6a3-ec086b02610b-2019-10-02T09:00:23.337Z.jpg,Deer,0.0,0.015421686746987951,,,0.28125,0.7025435073627844,,
UNASSIGNED,gs://cxl-deer/59a30be9-23d2-11e8-a6a3-ec086b02610b-2019-10-02T09:00:23.336Z.jpg,Deer,0.37,0.018848728246318606,,,0.70375,0.7419544846050871,,
UNASSIGNED,gs://cxl-deer/5a02f944-23d2-11e8-a6a3-ec086b02610b-2019-10-02T09:00:23.336Z.jpg,Deer,0.39875,0.015421686746987951,,,0.6775,0.6494243641231593,,
UNASSIGNED,gs://cxl-deer/5a015e19-23d2-11e8-a6a3-ec086b02610b-2019-10-02T09:00:23.336Z.jpg,Deer,0.00125,0.2398929049531459,,,0.11375,0.7128246318607765,,
UNASSIGNED,gs://cxl-deer/5a015e19-23d2-11e8-a6a3-ec086b02610b-2019-10-02T09:00:23.336Z.jpg,Deer,0.67125,0.19705488621151274,,,0.774375,0.46522088353413654,,
UNASSIGNED,gs://cxl-deer/5a04934f-23d2-11e8-a6a3-ec086b02610b-2019-10-02T09:00:23.336Z.jpg,Deer,0.40375,0.01713520749665328,,,0.6799999999999999,0.6425702811244979,,
UNASSIGNED,gs://cxl-deer/59df5e0d-23d2-11e8-a6a3-ec086b02610b-2019-10-02T09:00:23.336Z.jpg,Deer,0.675,0.14222222222222222,,,0.80625,0.428380187416332,,
UNASSIGNED,gs://cxl-deer/58c7f1eb-23d2-11e8-a6a3-ec086b02610b-2019-10-02T09:00:23.336Z.jpg,Deer,0.32625,0.27166666666666667,,,0.56,0.6016666666666667,,
UNASSIGNED,gs://cxl-deer/59d8ebb0-23d2-11e8-a6a3-ec086b02610b-2019-10-02T09:00:23.336Z.jpg,Deer,0.62375,0.029129852744310573,,,0.83625,0.42666666666666664,,
UNASSIGNED,gs://cxl-deer/5874d710-23d2-11e8-a6a3-ec086b02610b-2019-10-02T09:00:23.336Z.jpg,Deer,0.37,0.3499999999999999,,,0.69,0.6583333333333333,,
UNASSIGNED,gs://cxl-deer/58910ec9-23d2-11e8-a6a3-ec086b02610b-2019-10-02T09:00:23.337Z.jpg,Deer,0.45875,0.27666666666666667,,,0.65125,0.5333333333333333,,
UNASSIGNED,gs://cxl-deer/58ec5793-23d2-11e8-a6a3-ec086b02610b-2019-10-02T09:00:23.336Z.jpg,Deer,0.44375,0.25833333333333336,,,0.6825,0.5866666666666667,,
UNASSIGNED,gs://cxl-deer/585daade-23d2-11e8-a6a3-ec086b02610b-2019-10-02T09:00:23.336Z.jpg,Deer,0.4125,0.30333333333333334,,,0.66625,0.5333333333333333,,
UNASSIGNED,gs://cxl-deer/587eea62-23d2-11e8-a6a3-ec086b02610b-2019-10-02T09:00:23.336Z.jpg,Deer,0.2475,0.235,,,0.6275,0.6966666666666667,,
UNASSIGNED,gs://cxl-deer/58782ae3-23d2-11e8-a6a3-ec086b02610b-2019-10-02T09:00:23.337Z.jpg,Deer,0.45375,0.23666666666666666,,,0.67875,0.6116666666666667,,
UNASSIGNED,gs://cxl-deer/58e0f709-23d2-11e8-a6a3-ec086b02610b-2019-10-02T09:00:23.336Z.jpg,Deer,0.26375,0.3233333333333333,,,0.55375,0.5716666666666667,,
UNASSIGNED,gs://cxl-deer/58768217-23d2-11e8-a6a3-ec086b02610b-2019-10-02T09:00:23.337Z.jpg,Deer,0.5225,0.041666666666666664,,,1.0,0.6016666666666667,,
UNASSIGNED,gs://cxl-deer/5897b32e-23d2-11e8-a6a3-ec086b02610b-2019-10-02T09:00:23.336Z.jpg,Deer,0.3075,0.0016666666666666668,,,0.9975,0.9700000000000001,,
UNASSIGNED,gs://cxl-deer/59408257-23d2-11e8-a6a3-ec086b02610b-2019-10-02T09:00:23.337Z.jpg,Deer,0.25,0.3283333333333333,,,0.55125,0.63,,
UNASSIGNED,gs://cxl-deer/58e59895-23d2-11e8-a6a3-ec086b02610b-2019-10-02T09:00:23.336Z.jpg,Deer,0.64,0.07833333333333334,,,0.9949999999999999,0.6333333333333333,,
UNASSIGNED,gs://cxl-deer/5897b2ec-23d2-11e8-a6a3-ec086b02610b-2019-10-02T09:00:23.336Z.jpg,Deer,0.5075,0.2833333333333333,,,0.67375,0.5416666666666666,,
UNASSIGNED,gs://cxl-deer/59310064-23d2-11e8-a6a3-ec086b02610b-2019-10-02T09:00:23.337Z.jpg,Deer,0.90625,0.19166666666666668,,,0.9949999999999999,0.645,,
UNASSIGNED,gs://cxl-deer/585dabd0-23d2-11e8-a6a3-ec086b02610b-2019-10-02T09:00:23.336Z.jpg,Deer,0.285,0.28,,,0.59625,0.56,,
UNASSIGNED,gs://cxl-deer/59439e71-23d2-11e8-a6a3-ec086b02610b-2019-10-02T09:00:23.337Z.jpg,Deer,0.39125,0.32,,,0.59375,0.56,,
UNASSIGNED,gs://cxl-deer/587828ef-23d2-11e8-a6a3-ec086b02610b-2019-10-02T09:00:23.337Z.jpg,Deer,0.46875,0.36333333333333334,,,0.69625,0.6116666666666667,,
UNASSIGNED,gs://cxl-deer/585a626c-23d2-11e8-a6a3-ec086b02610b-2019-10-02T09:00:23.336Z.jpg,Deer,0.44125,0.29333333333333333,,,0.6075,0.57,,
UNASSIGNED,gs://cxl-deer/591fd283-23d2-11e8-a6a3-ec086b02610b-2019-10-02T09:00:23.336Z.jpg,Deer,0.28875,0.28833333333333333,,,0.525,0.5966666666666667,,
UNASSIGNED,gs://cxl-deer/58ce3d38-23d2-11e8-a6a3-ec086b02610b-2019-10-02T09:00:23.336Z.jpg,Deer,0.35625,0.3466666666666667,,,0.5775,0.5616666666666666,,
UNASSIGNED,gs://cxl-deer/590b9c04-23d2-11e8-a6a3-ec086b02610b-2019-10-02T09:00:23.336Z.jpg,Deer,0.37375,0.2783333333333333,,,0.5543750000000001,0.5216666666666666,,
UNASSIGNED,gs://cxl-deer/58732f4e-23d2-11e8-a6a3-ec086b02610b-2019-10-02T09:00:23.337Z.jpg,Deer,0.00375,0.07666666666666666,,,0.86375,0.9700000000000001,,
UNASSIGNED,gs://cxl-deer/5934191b-23d2-11e8-a6a3-ec086b02610b-2019-10-02T09:00:23.337Z.jpg,Deer,0.00375,0.0,,,0.6850000000000002,0.715,,
UNASSIGNED,gs://cxl-deer/5906f102-23d2-11e8-a6a3-ec086b02610b-2019-10-02T09:00:23.336Z.jpg,Deer,0.38625,0.345,,,0.65625,0.615,,
UNASSIGNED,gs://cxl-deer/5a296348-23d2-11e8-a6a3-ec086b02610b-2019-10-02T09:00:23.336Z.jpg,Deer,0.64125,0.41809906291834004,,,0.7375,0.5397590361445783,,
UNASSIGNED,gs://cxl-deer/59894178-23d2-11e8-a6a3-ec086b02610b-2019-10-02T09:00:23.337Z.jpg,Deer,0.07875,0.01713520749665328,,,0.99875,0.9972690763052209,,
UNASSIGNED,gs://cxl-deer/5a07cf1e-23d2-11e8-a6a3-ec086b02610b-2019-10-02T09:00:23.336Z.jpg,Deer,0.37625,0.07368139223560911,,,0.78,0.6014457831325302,,
UNASSIGNED,gs://cxl-deer/59738a05-23d2-11e8-a6a3-ec086b02610b-2019-10-02T09:00:23.337Z.jpg,Deer,0.52125,0.0856760374832664,,,0.97875,0.9270147255689425,,
UNASSIGNED,gs://cxl-deer/59e2a465-23d2-11e8-a6a3-ec086b02610b-2019-10-02T09:00:23.336Z.jpg,Deer,0.5675,0.015421686746987951,,,0.9962500000000001,0.9938420348058902,,
UNASSIGNED,gs://cxl-deer/5968c20a-23d2-11e8-a6a3-ec086b02610b-2019-10-02T09:00:23.336Z.jpg,Deer,0.56,0.018848728246318606,,,0.99875,0.9998393574297189,,
UNASSIGNED,gs://cxl-deer/59eab963-23d2-11e8-a6a3-ec086b02610b-2019-10-02T09:00:23.336Z.jpg,Deer,0.535,0.10109772423025434,,,0.76875,0.5723159303882195,,
UNASSIGNED,gs://cxl-deer/599be741-23d2-11e8-a6a3-ec086b02610b-2019-10-02T09:00:23.336Z.jpg,Deer,0.59875,0.10623828647925034,,,0.83375,0.5671753681392235,,
UNASSIGNED,gs://cxl-deer/5987b2d5-23d2-11e8-a6a3-ec086b02610b-2019-10-02T09:00:23.337Z.jpg,Deer,0.75125,0.023989290495314595,,,0.9975,0.9767068273092369,,
UNASSIGNED,gs://cxl-deer/59d418e3-23d2-11e8-a6a3-ec086b02610b-2019-10-02T09:00:23.336Z.jpg,Deer,0.425,0.07539491298527443,,,0.78125,0.5843105756358768,,
UNASSIGNED,gs://cxl-deer/5a231156-23d2-11e8-a6a3-ec086b02610b-2019-10-02T09:00:23.336Z.jpg,Deer,0.59625,0.08053547523427042,,,0.84625,0.5945917001338689,,
UNASSIGNED,gs://cxl-deer/59e2a4bb-23d2-11e8-a6a3-ec086b02610b-2019-10-02T09:00:23.336Z.jpg,Deer,0.43875,0.07196787148594379,,,0.79625,0.5791700133868808,,
UNASSIGNED,gs://cxl-deer/59fc7cd1-23d2-11e8-a6a3-ec086b02610b-2019-10-02T09:00:23.336Z.jpg,Deer,0.085,0.035983935742971894,,,0.99625,0.9938420348058902,,
UNASSIGNED,gs://cxl-deer/59929262-23d2-11e8-a6a3-ec086b02610b-2019-10-02T09:00:23.337Z.jpg,Deer,0.4325,0.07539491298527443,,,0.7775,0.5688888888888889,,
UNASSIGNED,gs://cxl-deer/59ccd180-23d2-11e8-a6a3-ec086b02610b-2019-10-02T09:00:23.336Z.jpg,Deer,0.74375,0.015421686746987951,,,0.98875,0.9938420348058902,,
UNASSIGNED,gs://cxl-deer/599292e1-23d2-11e8-a6a3-ec086b02610b-2019-10-02T09:00:23.337Z.jpg,Deer,0.61875,0.0976706827309237,,,0.845,0.5466131191432395,,
UNASSIGNED,gs://cxl-deer/5a2af3b3-23d2-11e8-a6a3-ec086b02610b-2019-10-02T09:00:23.336Z.jpg,Deer,0.455,0.07368139223560911,,,0.79,0.5791700133868808,,
UNASSIGNED,gs://cxl-deer/59cb37fd-23d2-11e8-a6a3-ec086b02610b-2019-10-02T09:00:23.336Z.jpg,Deer,0.72875,0.018848728246318606,,,0.995,0.9998393574297189,,
UNASSIGNED,gs://cxl-deer/5a27d9ae-23d2-11e8-a6a3-ec086b02610b-2019-10-02T09:00:23.336Z.jpg,Deer,0.07375,0.013708165997322623,,,0.99875,0.9887014725568942,,
UNASSIGNED,gs://cxl-deer/596a4c66-23d2-11e8-a6a3-ec086b02610b-2019-10-02T09:00:23.336Z.jpg,Deer,0.00125,0.023989290495314595,,,0.505,0.7659437751004016,,
UNASSIGNED,gs://cxl-deer/5a27daf6-23d2-11e8-a6a3-ec086b02610b-2019-10-02T09:00:23.336Z.jpg,Deer,0.4925,0.0668273092369478,,,0.81375,0.5911646586345382,,
UNASSIGNED,gs://cxl-deer/59ffbb6d-23d2-11e8-a6a3-ec086b02610b-2019-10-02T09:00:23.336Z.jpg,Deer,0.08625,0.006854082998661312,,,0.99875,0.9972690763052209,,
UNASSIGNED,gs://cxl-deer/59ffbbe6-23d2-11e8-a6a3-ec086b02610b-2019-10-02T09:00:23.336Z.jpg,Deer,0.48625,0.06340026773761713,,,0.79125,0.5791700133868808,,
UNASSIGNED,gs://cxl-deer/5a2af544-23d2-11e8-a6a3-ec086b02610b-2019-10-02T09:00:23.336Z.jpg,Deer,0.425,0.07539491298527443,,,0.805,0.5808835341365461,,
UNASSIGNED,gs://cxl-deer/5971f819-23d2-11e8-a6a3-ec086b02610b-2019-10-02T09:00:23.336Z.jpg,Deer,0.73125,0.022275769745649265,,,0.99875,0.9998393574297189,,
UNASSIGNED,gs://cxl-deer/59d8ed7d-23d2-11e8-a6a3-ec086b02610b-2019-10-02T09:00:23.336Z.jpg,Deer,0.0032142857142857142,0.02154140371007841,,,0.7033757672991071,0.9998393574297189,,
UNASSIGNED,gs://cxl-deer/5a2e1231-23d2-11e8-a6a3-ec086b02610b-2019-10-02T09:00:23.336Z.jpg,Deer,0.30125,0.003427041499330656,,,0.7825,0.7830789825970549,,
UNASSIGNED,gs://cxl-deer/59a30afb-23d2-11e8-a6a3-ec086b02610b-2019-10-02T09:00:23.336Z.jpg,Deer,0.22,0.015421686746987951,,,0.5975,0.9904149933065596,,
UNASSIGNED,gs://cxl-deer/59738673-23d2-11e8-a6a3-ec086b02610b-2019-10-02T09:00:23.336Z.jpg,Deer,0.72125,0.015421686746987951,,,0.9975,0.9887014725568942,,
UNASSIGNED,gs://cxl-deer/59f5fd5a-23d2-11e8-a6a3-ec086b02610b-2019-10-02T09:00:23.336Z.jpg,Deer,0.85,0.018848728246318606,,,0.995,0.9998393574297189,,
UNASSIGNED,gs://cxl-deer/59ec551c-23d2-11e8-a6a3-ec086b02610b-2019-10-02T09:00:23.336Z.jpg,Deer,0.16125,0.022275769745649265,,,0.99875,0.9869879518072289,,
UNASSIGNED,gs://cxl-deer/59fc8035-23d2-11e8-a6a3-ec086b02610b-2019-10-02T09:00:23.336Z.jpg,Deer,0.005,0.013708165997322623,,,0.98375,0.9972690763052209,,
UNASSIGNED,gs://cxl-deer/5987b29f-23d2-11e8-a6a3-ec086b02610b-2019-10-02T09:00:23.337Z.jpg,Deer,0.14125,0.0,,,0.7225,0.7933601070950468,,
UNASSIGNED,gs://cxl-deer/5a0c9c3f-23d2-11e8-a6a3-ec086b02610b-2019-10-02T09:00:23.336Z.jpg,Deer,0.33,0.023989290495314595,,,0.7,0.9998393574297189,,
UNASSIGNED,gs://cxl-deer/5979bdf1-23d2-11e8-a6a3-ec086b02610b-2019-10-02T09:00:23.336Z.jpg,Deer,0.1925,0.029129852744310573,,,0.99875,0.6151539491298528,,
UNASSIGNED,gs://cxl-deer/59ffba04-23d2-11e8-a6a3-ec086b02610b-2019-10-02T09:00:23.336Z.jpg,Deer,0.46875,0.020562248995983936,,,0.8175,0.9998393574297189,,
UNASSIGNED,gs://cxl-deer/59b93b1a-23d2-11e8-a6a3-ec086b02610b-2019-10-02T09:00:23.336Z.jpg,Deer,0.7,0.018848728246318606,,,0.9924999999999999,0.9972690763052209,,
UNASSIGNED,gs://cxl-deer/596d6445-23d2-11e8-a6a3-ec086b02610b-2019-10-02T09:00:23.336Z.jpg,Deer,0.2075,0.020562248995983936,,,0.99875,0.9998393574297189,,
UNASSIGNED,gs://cxl-deer/598c5df3-23d2-11e8-a6a3-ec086b02610b-2019-10-02T09:00:23.336Z.jpg,Deer,0.00375,0.01713520749665328,,,0.45375,0.8396251673360108,,
UNASSIGNED,gs://cxl-deer/59d5b669-23d2-11e8-a6a3-ec086b02610b-2019-10-02T09:00:23.336Z.jpg,Deer,0.34375,0.022275769745649265,,,0.7737499999999999,0.7659437751004016,,
UNASSIGNED,gs://cxl-deer/597ff021-23d2-11e8-a6a3-ec086b02610b-2019-10-02T09:00:23.336Z.jpg,Deer,0.0025,0.005140562248995984,,,0.435,0.9972690763052209,,
UNASSIGNED,gs://cxl-deer/59df5c76-23d2-11e8-a6a3-ec086b02610b-2019-10-02T09:00:23.336Z.jpg,Deer,0.7425,0.022275769745649265,,,0.99875,0.9749933065595715,,
UNASSIGNED,gs://cxl-deer/59d75321-23d2-11e8-a6a3-ec086b02610b-2019-10-02T09:00:23.336Z.jpg,Deer,0.70125,0.022275769745649265,,,0.99,0.9852744310575636,,
UNASSIGNED,gs://cxl-deer/59a62b46-23d2-11e8-a6a3-ec086b02610b-2019-10-02T09:00:23.336Z.jpg,Deer,0.0,0.027416331994645247,,,0.29375,0.8961713520749666,,
UNASSIGNED,gs://cxl-deer/59e2a26c-23d2-11e8-a6a3-ec086b02610b-2019-10-02T09:00:23.336Z.jpg,Deer,0.3375,0.020562248995983936,,,0.6875,0.9998393574297189,,
UNASSIGNED,gs://cxl-deer/5979bc7b-23d2-11e8-a6a3-ec086b02610b-2019-10-02T09:00:23.336Z.jpg,Deer,0.09625,0.015421686746987951,,,0.7562500000000001,0.9955555555555556,,
UNASSIGNED,gs://cxl-deer/59fe223b-23d2-11e8-a6a3-ec086b02610b-2019-10-02T09:00:23.336Z.jpg,Deer,0.0,0.3152878179384203,,,0.11875,0.9998393574297189,,
UNASSIGNED,gs://cxl-deer/59edf198-23d2-11e8-a6a3-ec086b02610b-2019-10-02T09:00:23.336Z.jpg,Deer,0.28125,0.015421686746987951,,,0.67875,0.5740294511378848,,
UNASSIGNED,gs://cxl-deer/59edf2c5-23d2-11e8-a6a3-ec086b02610b-2019-10-02T09:00:23.336Z.jpg,Deer,0.1725,0.020562248995983936,,,0.99625,0.62714859437751,,
UNASSIGNED,gs://cxl-deer/59e91b7b-23d2-11e8-a6a3-ec086b02610b-2019-10-02T09:00:23.336Z.jpg,Deer,0.88625,0.01713520749665328,,,0.99875,0.9998393574297189,,
UNASSIGNED,gs://cxl-deer/599beaa0-23d2-11e8-a6a3-ec086b02610b-2019-10-02T09:00:23.336Z.jpg,Deer,0.76125,0.013708165997322623,,,0.995,0.9972690763052209,,
UNASSIGNED,gs://cxl-deer/59a629e6-23d2-11e8-a6a3-ec086b02610b-2019-10-02T09:00:23.336Z.jpg,Deer,0.37125,0.00856760374832664,,,0.6512500000000001,0.9955555555555555,,
UNASSIGNED,gs://cxl-deer/59bfddb4-23d2-11e8-a6a3-ec086b02610b-2019-10-02T09:00:23.336Z.jpg,Deer,0.01375,0.00856760374832664,,,1.0,0.9998393574297189,,
UNASSIGNED,gs://cxl-deer/59a49995-23d2-11e8-a6a3-ec086b02610b-2019-10-02T09:00:23.336Z.jpg,Deer,0.17,0.018848728246318606,,,0.5975,0.9955555555555556,,
UNASSIGNED,gs://cxl-deer/597514dc-23d2-11e8-a6a3-ec086b02610b-2019-10-02T09:00:23.337Z.jpg,Deer,0.7375,0.023989290495314595,,,0.9975,0.9998393574297189,,
UNASSIGNED,gs://cxl-deer/59a49b5b-23d2-11e8-a6a3-ec086b02610b-2019-10-02T09:00:23.336Z.jpg,Deer,0.0,0.001713520749665328,,,0.56125,0.9998393574297189,,
UNASSIGNED,gs://cxl-deer/59adfbe5-23d2-11e8-a6a3-ec086b02610b-2019-10-02T09:00:23.336Z.jpg,Deer,0.3225,0.027416331994645247,,,0.6875,0.9998393574297189,,
UNASSIGNED,gs://cxl-deer/59fe23cb-23d2-11e8-a6a3-ec086b02610b-2019-10-02T09:00:23.336Z.jpg,Deer,0.2625,0.023989290495314595,,,0.73,0.7967871485943774,,
UNASSIGNED,gs://cxl-deer/597cd539-23d2-11e8-a6a3-ec086b02610b-2019-10-02T09:00:23.336Z.jpg,Deer,0.00125,0.015421686746987951,,,0.83875,0.9998393574297189,,
UNASSIGNED,gs://cxl-deer/5968bf88-23d2-11e8-a6a3-ec086b02610b-2019-10-02T09:00:23.336Z.jpg,Deer,0.3525,0.01713520749665328,,,0.71875,0.7882195448460508,,
UNASSIGNED,gs://cxl-deer/59830853-23d2-11e8-a6a3-ec086b02610b-2019-10-02T09:00:23.337Z.jpg,Deer,0.18625,0.020562248995983936,,,0.61125,0.9998393574297189,,
UNASSIGNED,gs://cxl-deer/5979bd29-23d2-11e8-a6a3-ec086b02610b-2019-10-02T09:00:23.336Z.jpg,Deer,0.12,0.020562248995983936,,,0.5725,0.9904149933065596,,
UNASSIGNED,gs://cxl-deer/59e5de68-23d2-11e8-a6a3-ec086b02610b-2019-10-02T09:00:23.336Z.jpg,Deer,0.115,0.020562248995983936,,,0.80625,0.6717001338688086,,
UNASSIGNED,gs://cxl-deer/5a24a7c4-23d2-11e8-a6a3-ec086b02610b-2019-10-02T09:00:23.336Z.jpg,Deer,0.0025,0.023989290495314595,,,0.8575,0.9998393574297189,,
UNASSIGNED,gs://cxl-deer/59b7a88e-23d2-11e8-a6a3-ec086b02610b-2019-10-02T09:00:23.336Z.jpg,Deer,0.16375,0.0,,,0.9962500000000001,0.9972690763052209,,
UNASSIGNED,gs://cxl-deer/59b4848a-23d2-11e8-a6a3-ec086b02610b-2019-10-02T09:00:23.336Z.jpg,Deer,0.2,0.015421686746987951,,,0.9937499999999999,0.9904149933065596,,
UNASSIGNED,gs://cxl-deer/599d7bfc-23d2-11e8-a6a3-ec086b02610b-2019-10-02T09:00:23.336Z.jpg,Deer,0.00375,0.023989290495314595,,,0.9962500000000001,0.9904149933065595,,
UNASSIGNED,gs://cxl-deer/59c99e88-23d2-11e8-a6a3-ec086b02610b-2019-10-02T09:00:23.336Z.jpg,Deer,0.0,0.010281124497991968,,,0.60375,0.657991967871486,,
UNASSIGNED,gs://cxl-deer/59830915-23d2-11e8-a6a3-ec086b02610b-2019-10-02T09:00:23.337Z.jpg,Deer,0.2775,0.022275769745649265,,,0.6075,0.6391432396251673,,
UNASSIGNED,gs://cxl-deer/59fae371-23d2-11e8-a6a3-ec086b02610b-2019-10-02T09:00:23.336Z.jpg,Deer,0.01625,0.01713520749665328,,,0.99625,0.9938420348058901,,
UNASSIGNED,gs://cxl-deer/59f46187-23d2-11e8-a6a3-ec086b02610b-2019-10-02T09:00:23.336Z.jpg,Deer,0.27625,0.01713520749665328,,,0.7012499999999999,0.5774564926372157,,
UNASSIGNED,gs://cxl-deer/59f461e3-23d2-11e8-a6a3-ec086b02610b-2019-10-02T09:00:23.336Z.jpg,Deer,0.0,0.20904953145917002,,,0.41375,0.9998393574297189,,
UNASSIGNED,gs://cxl-deer/5987b5a4-23d2-11e8-a6a3-ec086b02610b-2019-10-02T09:00:23.337Z.jpg,Deer,0.35125,0.023989290495314595,,,0.71375,0.9938420348058902,,
UNASSIGNED,gs://cxl-deer/59a94e9f-23d2-11e8-a6a3-ec086b02610b-2019-10-02T09:00:23.336Z.jpg,Deer,0.69375,0.010281124497991968,,,0.99875,0.9998393574297189,,
UNASSIGNED,gs://cxl-deer/597fed9d-23d2-11e8-a6a3-ec086b02610b-2019-10-02T09:00:23.336Z.jpg,Deer,0.0,0.020562248995983936,,,0.31875,0.7573761713520749,,
UNASSIGNED,gs://cxl-deer/59a7bdda-23d2-11e8-a6a3-ec086b02610b-2019-10-02T09:00:23.336Z.jpg,Deer,0.34,0.011994645247657297,,,0.99875,0.7453815261044178,,
UNASSIGNED,gs://cxl-deer/597b4704-23d2-11e8-a6a3-ec086b02610b-2019-10-02T09:00:23.336Z.jpg,Deer,0.29,0.022275769745649265,,,0.5925,0.6391432396251674,,
UNASSIGNED,gs://cxl-deer/59af9673-23d2-11e8-a6a3-ec086b02610b-2019-10-02T09:00:23.336Z.jpg,Deer,0.58625,0.020562248995983936,,,0.9975,0.9998393574297189,,
UNASSIGNED,gs://cxl-deer/59d5b765-23d2-11e8-a6a3-ec086b02610b-2019-10-02T09:00:23.336Z.jpg,Deer,0.36,0.022275769745649265,,,0.73,0.9801338688085677,,
UNASSIGNED,gs://cxl-deer/59e440c4-23d2-11e8-a6a3-ec086b02610b-2019-10-02T09:00:23.336Z.jpg,Deer,0.0,0.020562248995983936,,,0.58,0.8396251673360107,,
UNASSIGNED,gs://cxl-deer/59817be2-23d2-11e8-a6a3-ec086b02610b-2019-10-02T09:00:23.337Z.jpg,Deer,0.00375,0.020562248995983936,,,0.4275,0.7642302543507363,,
UNASSIGNED,gs://cxl-deer/59a30c94-23d2-11e8-a6a3-ec086b02610b-2019-10-02T09:00:23.336Z.jpg,Deer,0.2525,0.001713520749665328,,,0.67125,0.9972690763052209,,
UNASSIGNED,gs://cxl-deer/59942049-23d2-11e8-a6a3-ec086b02610b-2019-10-02T09:00:23.337Z.jpg,Deer,0.0025,0.020562248995983936,,,0.30375,0.7693708165997323,,
UNASSIGNED,gs://cxl-deer/5995ae1d-23d2-11e8-a6a3-ec086b02610b-2019-10-02T09:00:23.337Z.jpg,Deer,0.64,0.19362784471218206,,,0.735,0.41638554216867474,,
UNASSIGNED,gs://cxl-deer/5995ae1d-23d2-11e8-a6a3-ec086b02610b-2019-10-02T09:00:23.337Z.jpg,Deer,0.0,0.01713520749665328,,,0.2925,0.8893172690763052,,
UNASSIGNED,gs://cxl-deer/59bca612-23d2-11e8-a6a3-ec086b02610b-2019-10-02T09:00:23.336Z.jpg,Deer,0.16,0.01713520749665328,,,0.59875,0.9998393574297189,,
UNASSIGNED,gs://cxl-deer/59c31c58-23d2-11e8-a6a3-ec086b02610b-2019-10-02T09:00:23.336Z.jpg,Deer,0.33375,0.003427041499330656,,,0.73125,0.9998393574297189,,
UNASSIGNED,gs://cxl-deer/59973ecc-23d2-11e8-a6a3-ec086b02610b-2019-10-02T09:00:23.337Z.jpg,Deer,0.32625,0.010281124497991968,,,0.98125,0.7745113788487282,,
UNASSIGNED,gs://cxl-deer/59e2a42c-23d2-11e8-a6a3-ec086b02610b-2019-10-02T09:00:23.336Z.jpg,Deer,0.17875,0.01713520749665328,,,0.75625,0.9998393574297189,,
UNASSIGNED,gs://cxl-deer/59af9829-23d2-11e8-a6a3-ec086b02610b-2019-10-02T09:00:23.336Z.jpg,Deer,0.2325,0.010281124497991968,,,0.7125,0.9998393574297189,,
UNASSIGNED,gs://cxl-deer/597388df-23d2-11e8-a6a3-ec086b02610b-2019-10-02T09:00:23.337Z.jpg,Deer,0.2075,0.025702811244979924,,,0.99875,0.9998393574297189,,
UNASSIGNED,gs://cxl-deer/59d41a1d-23d2-11e8-a6a3-ec086b02610b-2019-10-02T09:00:23.336Z.jpg,Deer,0.05375,0.015421686746987951,,,0.7162499999999999,0.7916465863453815,,
UNASSIGNED,gs://cxl-deer/59aadc44-23d2-11e8-a6a3-ec086b02610b-2019-10-02T09:00:23.336Z.jpg,Deer,0.0,0.020562248995983936,,,0.46875,0.9998393574297189,,
UNASSIGNED,gs://cxl-deer/59a94b39-23d2-11e8-a6a3-ec086b02610b-2019-10-02T09:00:23.336Z.jpg,Deer,0.00375,0.020562248995983936,,,0.96375,0.9998393574297189,,
UNASSIGNED,gs://cxl-deer/59738710-23d2-11e8-a6a3-ec086b02610b-2019-10-02T09:00:23.337Z.jpg,Deer,0.20375,0.018848728246318606,,,0.655,0.5945917001338689,,
UNASSIGNED,gs://cxl-deer/598c5b29-23d2-11e8-a6a3-ec086b02610b-2019-10-02T09:00:23.336Z.jpg,Deer,0.17625,0.011994645247657297,,,0.57625,0.9955555555555556,,
UNASSIGNED,gs://cxl-deer/5a1b1491-23d2-11e8-a6a3-ec086b02610b-2019-10-02T09:00:23.336Z.jpg,Deer,0.325,0.018848728246318606,,,0.6975,0.9998393574297189,,
UNASSIGNED,gs://cxl-deer/596a4e76-23d2-11e8-a6a3-ec086b02610b-2019-10-02T09:00:23.336Z.jpg,Deer,0.0,0.005140562248995984,,,0.57,0.8344846050870147,,
UNASSIGNED,gs://cxl-deer/5975160a-23d2-11e8-a6a3-ec086b02610b-2019-10-02T09:00:23.337Z.jpg,Deer,0.19875,0.018848728246318606,,,0.9924999999999999,0.6117269076305221,,
UNASSIGNED,gs://cxl-deer/59782efb-23d2-11e8-a6a3-ec086b02610b-2019-10-02T09:00:23.337Z.jpg,Deer,0.31,0.010281124497991968,,,0.7537499999999999,0.9998393574297189,,
UNASSIGNED,gs://cxl-deer/59cb38a7-23d2-11e8-a6a3-ec086b02610b-2019-10-02T09:00:23.336Z.jpg,Deer,0.005,0.01713520749665328,,,0.305,0.9372958500669344,,
UNASSIGNED,gs://cxl-deer/59cb38a7-23d2-11e8-a6a3-ec086b02610b-2019-10-02T09:00:23.336Z.jpg,Deer,0.59,0.21590361445783132,,,0.76375,0.41809906291834004,,
UNASSIGNED,gs://cxl-deer/5a0e36bb-23d2-11e8-a6a3-ec086b02610b-2019-10-02T09:00:23.336Z.jpg,Deer,0.00375,0.01713520749665328,,,0.71625,0.8036412315930387,,
UNASSIGNED,gs://cxl-deer/59ccd35b-23d2-11e8-a6a3-ec086b02610b-2019-10-02T09:00:23.336Z.jpg,Deer,0.0,0.010281124497991968,,,0.85875,0.9998393574297189,,
UNASSIGNED,gs://cxl-deer/5998cd8a-23d2-11e8-a6a3-ec086b02610b-2019-10-02T09:00:23.336Z.jpg,Deer,0.33,0.010281124497991968,,,0.70875,0.9998393574297189,,
UNASSIGNED,gs://cxl-deer/59942103-23d2-11e8-a6a3-ec086b02610b-2019-10-02T09:00:23.337Z.jpg,Deer,0.18125,0.006854082998661312,,,0.9975,0.9904149933065596,,
UNASSIGNED,gs://cxl-deer/5a1caf74-23d2-11e8-a6a3-ec086b02610b-2019-10-02T09:00:23.336Z.jpg,Deer,0.69375,0.022275769745649265,,,0.98625,0.9544310575635876,,
UNASSIGNED,gs://cxl-deer/5a2af3d9-23d2-11e8-a6a3-ec086b02610b-2019-10-02T09:00:23.336Z.jpg,Deer,0.255,0.018848728246318606,,,0.6675,0.9887014725568943,,
UNASSIGNED,gs://cxl-deer/59910345-23d2-11e8-a6a3-ec086b02610b-2019-10-02T09:00:23.337Z.jpg,Deer,0.18125,0.01713520749665328,,,0.58125,0.9998393574297189,,
UNASSIGNED,gs://cxl-deer/597e62fe-23d2-11e8-a6a3-ec086b02610b-2019-10-02T09:00:23.336Z.jpg,Deer,0.49,0.015421686746987951,,,0.95375,0.9998393574297189,,
UNASSIGNED,gs://cxl-deer/59c179e6-23d2-11e8-a6a3-ec086b02610b-2019-10-02T09:00:23.336Z.jpg,Deer,0.00125,0.013708165997322623,,,0.57625,0.9998393574297189,,
UNASSIGNED,gs://cxl-deer/5a1fe898-23d2-11e8-a6a3-ec086b02610b-2019-10-02T09:00:23.336Z.jpg,Deer,0.00875,0.013708165997322623,,,0.81125,0.657991967871486,,
UNASSIGNED,gs://cxl-deer/58718521-23d2-11e8-a6a3-ec086b02610b-2019-10-02T09:00:23.337Z.jpg,Deer,0.39375,0.305,,,0.64625,0.565,,
UNASSIGNED,gs://cxl-deer/598497e7-23d2-11e8-a6a3-ec086b02610b-2019-10-02T09:00:23.337Z.jpg,Deer,0.0,0.023989290495314595,,,0.325,0.6082998661311914,,
UNASSIGNED,gs://cxl-deer/59adfb17-23d2-11e8-a6a3-ec086b02610b-2019-10-02T09:00:23.336Z.jpg,Deer,0.38625,0.01713520749665328,,,0.7275,0.5209103078982598,,
UNASSIGNED,gs://cxl-deer/596735da-23d2-11e8-a6a3-ec086b02610b-2019-10-02T09:00:23.337Z.jpg,Deer,0.8625,0.018848728246318606,,,1.0,1.0024096385542167,,
UNASSIGNED,gs://cxl-deer/5a02f962-23d2-11e8-a6a3-ec086b02610b-2019-10-02T09:00:23.336Z.jpg,Deer,0.0,0.022275769745649265,,,0.45,0.9887014725568942,,
UNASSIGNED,gs://cxl-deer/59da8af2-23d2-11e8-a6a3-ec086b02610b-2019-10-02T09:00:23.336Z.jpg,Deer,0.002857142857142857,0.015987633569994265,,,0.31285714285714283,0.9998393574297189,,
UNASSIGNED,gs://cxl-deer/59f460e8-23d2-11e8-a6a3-ec086b02610b-2019-10-02T09:00:23.336Z.jpg,Deer,0.3690114266531808,0.022465725999235037,,,0.6514285714285715,0.7656989864218781,,
